奖励,奖励名,每日次数,deliveryId,sceneId,是否使用,链接,原链接
肥料,10万,10,75085,7980,是,https://pages-fast.m.taobao.com/wow/z/app/ltao-fe/tbms-cooperation/home?&disableNav=YES&x-preload=true&taskhubType=taskhubcc&x-ssr=true&spma=farm&sourceType=other&taskFrom=wulengjing&spmb=46023237&sceneId=7980&deliveryId=75085&scene=wt&shareurl=true&itemIds=586054608522,
肥料,6万,1,68206,7506,是,https://pages-fast.m.taobao.com/wow/z/app/ltao-fe/tbms-cooperation/home?x-ssr=true&disableNav=YES&x-preload=true&disableProgress=true&forceThemis=true&x-sec=wua&spma=farm&spmb=46066528&hd_from_id=100085&sceneId=7506&deliveryId=68206&implId=other_1364_3194018_68206_0&itemIds=1010677320313&taskhubType=taskhubcc&taskFrom=wulengjing&sourceType=other&,
肥料,5.5万,1,101097,5387,是,https://pages-fast.m.taobao.com/wow/z/app/ltao-fe/tbms-cooperation/home?x-ssr=true&disableNav=YES&x-preload=true&disableProgress=true&forceThemis=true&x-sec=wua&spma=farm&spmb=46066528&hd_from_id=100085&sceneId=5387&deliveryId=101097&implId=other_1364_3194018_101097_0&itemIds=1010677320313&taskhubType=taskhubcc&taskFrom=wulengjing&sourceType=other&,
肥料,5.1万,1,70424,7506,是,https://pages-fast.m.taobao.com/wow/z/app/ltao-fe/tbms-cooperation/home?x-ssr=true&disableNav=YES&x-preload=true&disableProgress=true&forceThemis=true&x-sec=wua&spma=farm&spmb=46066528&hd_from_id=100085&sceneId=7506&deliveryId=70424&implId=other_1364_3194018_70424_0&itemIds=1010677320313&taskhubType=taskhubcc&taskFrom=wulengjing&sourceType=other&,
肥料,5万①,1,69029,7310,是,https://pages-fast.m.taobao.com/wow/z/app/ltao-fe/tbms-cooperation/home?x-ssr=true&disableNav=YES&x-preload=true&disableProgress=true&forceThemis=true&x-sec=wua&spma=farm&spmb=46066528&hd_from_id=100085&sceneId=7310&deliveryId=69029&implId=other_1364_3194018_69029_0&itemIds=1010677320313&taskhubType=taskhubcc&taskFrom=wulengjing&sourceType=other&,
肥料,5万②,1,104511,5387,是,https://pages-fast.m.taobao.com/wow/z/app/ltao-fe/tbms-cooperation/home?x-ssr=true&disableNav=YES&x-preload=true&disableProgress=true&forceThemis=true&x-sec=wua&spma=farm&spmb=46066528&hd_from_id=100085&sceneId=5387&deliveryId=104511&implId=other_1364_3194018_104511_0&itemIds=1010677320313&taskhubType=taskhubcc&taskFrom=wulengjing&sourceType=other,
肥料,4万①,1,68422,7506,是,https://pages-fast.m.taobao.com/wow/z/app/ltao-fe/tbms-cooperation/home?x-ssr=true&disableNav=YES&x-preload=true&disableProgress=true&forceThemis=true&x-sec=wua&spma=farm&spmb=46066528&hd_from_id=100085&sceneId=7506&deliveryId=68422&implId=other_1364_3194018_68422_0&itemIds=1010677320313&taskhubType=taskhubcc&taskFrom=wulengjing&sourceType=other,
肥料,4万②,1,74994,7506,是,https://pages-fast.m.taobao.com/wow/z/app/ltao-fe/tbms-cooperation/home?x-ssr=true&disableNav=YES&x-preload=true&disableProgress=true&forceThemis=true&x-sec=wua&spma=farm&spmb=46066528&hd_from_id=100085&sceneId=7506&deliveryId=74994&implId=other_1364_3194018_74994_0&itemIds=1010677320313&taskhubType=taskhubcc&taskFrom=wulengjing&sourceType=other,
肥料,4万③,1,79447,7506,是,https://pages-fast.m.taobao.com/wow/z/app/ltao-fe/tbms-cooperation/home?x-ssr=true&disableNav=YES&x-preload=true&disableProgress=true&forceThemis=true&x-sec=wua&spma=farm&spmb=46066528&hd_from_id=100085&sceneId=7506&deliveryId=79447&implId=other_1364_3194018_79447_0&itemIds=1010677320313&taskhubType=taskhubcc&taskFrom=wulengjing&sourceType=other,
肥料,3万①,1,70424,7310,是,https://pages-fast.m.taobao.com/wow/z/app/ltao-fe/tbms-cooperation/home?x-ssr=true&disableNav=YES&x-preload=true&disableProgress=true&forceThemis=true&x-sec=wua&spma=farm&spmb=46066528&hd_from_id=100085&sceneId=7310&deliveryId=70424&implId=other_1364_3194018_70424_0&itemIds=1010677320313&taskhubType=taskhubcc&taskFrom=wulengjing&sourceType=other,
肥料,3万②,1,68479,7506,是,https://pages-fast.m.taobao.com/wow/z/app/ltao-fe/tbms-cooperation/home?x-ssr=true&disableNav=YES&x-preload=true&disableProgress=true&forceThemis=true&x-sec=wua&spma=farm&spmb=46066528&hd_from_id=100085&sceneId=7506&deliveryId=68479&implId=other_1364_3194018_68479_0&itemIds=1010677320313&taskhubType=taskhubcc&taskFrom=wulengjing&sourceType=other,
肥料,13万,1,88506,5387,否,https://pages-fast.m.taobao.com/wow/z/app/ltao-fe/tbms-cooperation/home?x-ssr=true&disableNav=YES&x-preload=true&disableProgress=true&forceThemis=true&x-sec=wua&spma=farm&spmb=46066528&hd_from_id=100085&sceneId=5387&deliveryId=88506&implId=other_1364_3194018_88506_0&itemIds=1010677320313&taskhubType=taskhubcc&taskFrom=wulengjing&sourceType=other&,
肥料,13万,3,90777,5387,否,https://pages-fast.m.taobao.com/wow/z/app/ltao-fe/tbms-cooperation/home?x-ssr=true&disableNav=YES&x-preload=true&disableProgress=true&forceThemis=true&x-sec=wua&spma=farm&spmb=46066528&hd_from_id=100085&sceneId=5387&deliveryId=90777&implId=other_1364_3194018_90777_0&itemIds=1010677320313&taskhubType=taskhubcc&taskFrom=wulengjing&sourceType=other&,
肥料,10万,10,75079,7980,否,https://pages-fast.m.taobao.com/wow/z/app/ltao-fe/tbms-cooperation/home?x-ssr=true&disableNav=YES&x-preload=true&disableProgress=true&forceThemis=true&x-sec=wua&spma=farm&spmb=46066528&hd_from_id=100085&sceneId=7980&deliveryId=75079&implId=other_1364_3194018_75079_0&itemIds=1010677320313&taskhubType=taskhubcc&taskFrom=wulengjing&sourceType=other&,
其他,秒杀元宝,1,90243,9267,是,https://pages-fast.m.taobao.com/wow/z/app/ltao-fe/tbms-cooperation/home?x-ssr=true&disableNav=YES&x-preload=true&disableProgress=true&forceThemis=true&x-sec=wua&spma=farm&spmb=46066528&hd_from_id=100085&sceneId=9267&deliveryId=90243&implId=other_1364_3194018_90243_0&itemIds=1010677320313&taskhubType=taskhubcc&taskFrom=wulengjing&sourceType=other&,
其他,百补元宝,1,99141,9267,是,https://pages-fast.m.taobao.com/wow/z/app/ltao-fe/tbms-cooperation/home?x-ssr=true&disableNav=YES&x-preload=true&disableProgress=true&forceThemis=true&x-sec=wua&spma=farm&spmb=46066528&hd_from_id=100085&sceneId=9267&deliveryId=99141&implId=other_1364_3194018_99141_0&itemIds=1010677320313&taskhubType=taskhubcc&taskFrom=wulengjing&sourceType=other&,
其他,淘工厂元宝,1,90418,9267,是,https://pages-fast.m.taobao.com/wow/z/app/ltao-fe/tbms-cooperation/home?x-ssr=true&disableNav=YES&x-preload=true&disableProgress=true&forceThemis=true&x-sec=wua&spma=farm&spmb=46066528&hd_from_id=100085&sceneId=9267&deliveryId=90418&implId=other_1364_3194018_90418_0&itemIds=1010677320313&taskhubType=taskhubcc&taskFrom=wulengjing&sourceType=other&,
其他,5999羊毛,2,98812,2203,是,https://pages-fast.m.taobao.com/wow/z/app/ltao-fe/tbms-cooperation/home?x-ssr=true&disableNav=YES&x-preload=true&disableProgress=true&forceThemis=true&x-sec=wua&spma=farm&spmb=46066528&hd_from_id=100085&sceneId=2203&deliveryId=98812&implId=other_1364_3194018_98812_0&itemIds=1010677320313&taskhubType=taskhubcc&taskFrom=wulengjing&sourceType=other&,
其他,500阳光,1,69755,7779,是,https://pages-fast.m.taobao.com/wow/z/app/ltao-fe/tbms-cooperation/home?x-ssr=true&disableNav=YES&x-preload=true&disableProgress=true&forceThemis=true&x-sec=wua&spma=farm&spmb=46066528&hd_from_id=100085&sceneId=7779&deliveryId=69755&implId=other_1364_3194018_69755_0&itemIds=1010677320313&taskhubType=taskhubcc&taskFrom=wulengjing&sourceType=other,
其他,成就秒杀加速,1,103866,9998,是,https://pages-fast.m.taobao.com/wow/z/app/ltao-fe/tbms-cooperation/home?x-ssr=true&disableNav=YES&x-preload=true&disableProgress=true&forceThemis=true&x-sec=wua&spma=mspd&spmb=46066528&hd_from_id=100085&sceneId=9998&deliveryId=103866&implId=other_1364_3194018_103866_0&itemIds=1075261064999&taskhubType=taskhubcc&taskFrom=wulengjing&sourceType=other,
其他,成就百补加速,1,104158,9998,是,https://pages-fast.m.taobao.com/wow/z/app/ltao-fe/tbms-cooperation/home?x-ssr=true&disableNav=YES&x-preload=true&disableProgress=true&forceThemis=true&x-sec=wua&spma=mspd&spmb=46066528&hd_from_id=100085&sceneId=9998&deliveryId=104158&implId=other_1364_3194018_104158_0&itemIds=894149801281&taskhubType=taskhubcc&taskFrom=wulengjing&sourceType=other,
其他,超值元宝,1,91622,9267,否,https://pages-fast.m.taobao.com/wow/z/vip/hbqd5/hbqd5-browse?x-ssr=true&x-sec=wua&asac=2A226136QEIZZKZ0LAM2UN&wh_ttid=phone&x-preload=true&disableNav=YES&status_bar_transparent=true&pageTaskType=order&forceThemis=true&spma=hbqd5&spmb=27175614&prismTrace=91622&activityId=100129&awardIndex=1&deliveryId=91622&fromToken=kGn059ocoeDapLXMiWJdCBd77FAUBUgUbU7UAUvUGW&implId=other_1369_0_91622_0&samplingRate=10&sceneId=9267&hd_from_id=100129&mediafrom=&hbqdHongbaoStyle=true&spm=hbqd5.29086845.c1.d1,https://pages-fast.m.taobao.com/wow/z/vip/hbqd5/hbqd5-browse?x-ssr=true&x-sec=wua&asac=2A226136QEIZZKZ0LAM2UN&wh_ttid=phone&x-preload=true&disableNav=YES&status_bar_transparent=true&pageTaskType=order&forceThemis=true&spma=hbqd5&spmb=27175614&prismTrace=91622&activityId=100129&awardIndex=1&deliveryId=91622&fromToken=kGn059ocoeDapLXMiWJdCBd77FAUBUgUbU7UAUvUGW&implId=other_1369_0_91622_0&samplingRate=10&sceneId=9267&hd_from_id=100129&mediafrom=&hbqdHongbaoStyle=true&spm=hbqd5.29086845.c1.d1
